lineage,clinical_count,clinical_adjusted_pct,clinical_first_detection_date,ww_count_0.01,ww_adjusted_pct_0.01,ww_first_detection_date_0.01,ww_count_0.02,ww_adjusted_pct_0.02,ww_first_detection_date_0.02,ww_count_0.04,ww_adjusted_pct_0.04,ww_first_detection_date_0.04,ww_count_0.08,ww_adjusted_pct_0.08,ww_first_detection_date_0.08,ww_count_0.16,ww_adjusted_pct_0.16,ww_first_detection_date_0.16,ww_count_0.32,ww_adjusted_pct_0.32,ww_first_detection_date_0.32
B.1.1.529,9,0.010921402308056355,2023-01-22,52,0.012059915053612156,2023-01-09,27,0.01017777006952798,2023-02-02,15,0.008304730078413454,2023-02-02,6,0.005588002650492056,2023-02-02,1,0.0013737829605834227,2023-05-16,0,0.0,
B.1.617.2,0,0.0,,30,0.0160680333692612,2023-03-02,27,0.016086892284093813,2023-03-02,18,0.01513453369537053,2023-03-02,12,0.014193450391053831,2023-03-02,4,0.009788917146697735,2023-03-02,1,0.0047549641682059374,2023-09-28
BA.1.1,3,0.003640467436018785,2023-01-02,0,0.0,,0,0.0,,0,0.0,,0,0.0,,0,0.0,,0,0.0,
BA.2,40,0.0485395658135838,2023-01-05,744,0.1770702742176491,2023-01-03,429,0.15240199978660476,2023-01-03,207,0.11754916029412095,2023-01-03,72,0.07408301237495546,2023-01-09,19,0.04139276002496485,2023-01-17,4,0.018429034194548242,2023-02-14
BA.2.12.1,3,0.003640467436018785,2023-07-10,16,0.016774100413996143,2023-01-12,13,0.016826914940776674,2023-01-12,10,0.01677257255531603,2023-01-12,10,0.018192058016493384,2023-01-12,5,0.016725623560588234,2023-01-12,4,0.019932264338529307,2023-01-12
BA.2.75,13,0.015775358889414733,2023-01-02,144,0.028525189094227424,2023-01-02,71,0.02263618161314599,2023-01-04,28,0.015192075683665653,2023-01-08,9,0.00924304621860232,2023-02-14,1,0.002967797183374494,2023-04-24,1,0.003910087341019002,2023-04-24
BA.2.75.2,8,0.009707913162716759,2023-01-12,7,0.007108537183045419,2023-01-03,5,0.007072599130649519,2023-01-08,2,0.006762579650167229,2023-01-11,1,0.00680639387102699,2023-01-11,1,0.007959171061343542,2023-01-11,1,0.010486246899317554,2023-01-11
BA.2.86,692,0.8397344885749997,2023-08-20,3137,1.3633723267263764,2023-01-03,2375,1.3197816721954645,2023-01-03,1673,1.2411731689202243,2023-08-22,965,1.060195825127034,2023-08-24,262,0.5762039422661112,2023-08-24,46,0.27710765787468733,2023-10-31
BA.4,4,0.004853956581358379,2023-03-10,45,0.011958545228278591,2023-01-03,24,0.010425055146675896,2023-01-05,17,0.009418981781329031,2023-01-17,5,0.0058859304581420635,2023-02-05,1,0.0032576878245320633,2023-02-05,1,0.004292019682157376,2023-02-05
BA.4.6,7,0.008494424017377164,2023-01-04,19,0.007982023246165941,2023-01-02,11,0.007453794275972682,2023-01-03,5,0.006738387598892931,2023-01-19,2,0.006227469597226487,2023-04-25,2,0.007282196232373346,2023-04-25,1,0.006703111315054279,2023-06-07
BA.5,374,0.4538449403570085,2023-01-01,574,0.29263895706539156,2023-01-02,413,0.2837605142637281,2023-01-02,272,0.26852646866711494,2023-01-02,150,0.24222523738671145,2023-01-03,69,0.2088004394295526,2023-01-03,33,0.1877642528323216,2023-01-03
BA.5.2.6,10,0.01213489145339595,2023-01-03,19,0.005264771055999904,2023-01-03,9,0.0045816030857904365,2023-01-03,7,0.004364589004047324,2023-01-03,2,0.0026992601580127385,2023-01-26,1,0.0023495731333574954,2023-05-15,0,0.0,
BF.11,10,0.01213489145339595,2023-01-02,14,0.008342912490868432,2023-01-04,9,0.00803967790005407,2023-01-11,4,0.0074602501281267886,2023-01-18,3,0.00770791142602448,2023-01-18,2,0.007839587722092181,2023-01-31,1,0.007361861265064572,2023-01-31
BF.7,47,0.05703398983096096,2023-01-01,52,0.019674010739862365,2023-01-03,34,0.018396236898768903,2023-01-03,16,0.015899969469350714,2023-01-03,5,0.013226951662653854,2023-01-03,2,0.012396254670962522,2023-01-03,2,0.016332126311227768,2023-01-03
BN.1,66,0.08009028359241327,2023-01-01,53,0.027849394345961412,2023-01-02,36,0.02687954042316408,2023-01-03,22,0.02537895300167538,2023-01-04,15,0.024944177528199465,2023-01-05,8,0.02226905338761623,2023-01-05,2,0.01684937164954936,2023-01-17
BQ.1,565,0.6856213671168712,2023-01-01,421,0.18671799893678687,2023-01-02,300,0.17895524998029058,2023-01-02,183,0.16424842213748236,2023-01-02,92,0.14213869924994676,2023-01-02,42,0.11881181842821273,2023-01-03,16,0.09692734485091817,2023-01-03
BQ.1.1,1247,1.5132209642384749,2023-01-01,776,0.7047585239644376,2023-01-01,674,0.708477131237493,2023-01-01,551,0.712185589753529,2023-01-01,377,0.7005085826891122,2023-01-01,222,0.6706886162718295,2023-01-01,105,0.5913164324841091,2023-01-01
CH.1.1,337,0.4089458419794435,2023-01-01,294,0.1350509204658473,2023-01-03,211,0.129813513418436,2023-01-10,138,0.12158183451797792,2023-01-19,75,0.10680476537640567,2023-01-19,32,0.08437028665973478,2023-01-19,14,0.07153076918441278,2023-03-02
EG.5,3982,4.832113776742267,2023-01-03,3145,3.979071843731975,2023-01-03,2929,4.0302734836277985,2023-01-03,2629,4.127883279466159,2023-01-03,2213,4.301921639785738,2023-01-03,1546,4.381149849431492,2023-01-03,645,3.535676983155319,2023-04-20
EG.5.1.8,129,0.15654009974880775,2023-08-02,473,0.21158472181161675,2023-07-02,370,0.20607196006231981,2023-07-17,248,0.19075869808768584,2023-08-15,140,0.16450894114440046,2023-08-29,42,0.10482481266302292,2023-09-10,10,0.06952526647066917,2023-10-19
EG.6.1,146,0.17716941521958085,2023-05-02,236,0.12257919205637455,2023-01-03,166,0.11844950440151397,2023-01-03,101,0.11120906763214804,2023-05-04,58,0.10286171006275124,2023-05-09,30,0.09386183806623553,2023-05-23,13,0.08301567691016067,2023-06-15
EU.1.1,29,0.03519118521484825,2023-03-31,39,0.02666180599328092,2023-04-04,31,0.026432975352900408,2023-04-04,23,0.025972195601999825,2023-04-04,14,0.024453244530156126,2023-04-04,6,0.02161818728554394,2023-04-04,5,0.025198691857484676,2023-04-04
FD.1.1,70,0.08494424017377164,2023-04-28,77,0.06961377102800953,2023-05-04,61,0.06933274442455348,2023-05-04,41,0.06835392760266287,2023-05-04,31,0.0701387401846049,2023-05-25,21,0.07355165651880399,2023-05-25,11,0.07299333559883726,2023-05-25
FD.2,31,0.03761816350552744,2023-01-05,78,0.026419406846502624,2023-01-02,47,0.024140609356795076,2023-01-02,21,0.02042392128894024,2023-01-12,11,0.01826702216124364,2023-01-12,7,0.017554709377405463,2023-01-12,2,0.0102984624569558,2023-03-14
FE.1.1,57,0.06916888128435691,2023-03-19,103,0.08345961197186223,2023-04-09,71,0.08224704098472731,2023-04-18,57,0.08278566406808914,2023-04-18,37,0.08225328943431665,2023-04-18,23,0.08400857226095697,2023-04-23,15,0.09205091714724001,2023-05-17
FL.1.5.1,2776,3.3686458674627153,2023-01-03,1621,1.8347139807585413,2023-05-04,1480,1.8548721795199004,2023-05-04,1285,1.8885237270263915,2023-05-14,1019,1.937706919948839,2023-05-14,686,1.9421544025532633,2023-06-01,265,1.530248967151486,2023-06-01
GE.1,256,0.3106532212069363,2023-04-19,245,0.1718751126508924,2023-05-02,170,0.16821970109154444,2023-05-02,119,0.16512934901895496,2023-06-06,74,0.16111271939193345,2023-06-06,45,0.16070414745925674,2023-06-13,22,0.15322180192401796,2023-06-13
GK.1.1,261,0.31672066693363427,2023-07-13,239,0.15517565700305713,2023-05-01,173,0.15194919662336803,2023-05-01,118,0.1481512851272089,2023-05-01,79,0.14437983386669848,2023-08-01,45,0.13739447502518895,2023-08-21,21,0.12258348907505276,2023-08-22
GK.2,181,0.21964153530646668,2023-02-21,161,0.06574976148063913,2023-05-30,108,0.061923307493986716,2023-05-30,73,0.05753671665300462,2023-05-30,32,0.046135177699188804,2023-05-30,17,0.03903177210561365,2023-06-20,4,0.019782211918290958,2023-08-08
HF.1,137,0.1662480129115245,2023-06-10,155,0.07357871124172509,2023-06-20,108,0.07054458531377407,2023-06-20,62,0.06485667431918571,2023-06-20,35,0.05928599374309617,2023-06-20,18,0.052370328788374845,2023-06-20,7,0.04099885333103536,2023-06-20
HK.3,866,1.0508815998640892,2023-08-02,692,0.4475016052314307,2023-01-03,559,0.4433522741548667,2023-08-08,409,0.4323649490597673,2023-08-08,247,0.4020174496148733,2023-08-08,115,0.3495087059988679,2023-08-22,51,0.3084503000347002,2023-08-22
HV.1,3716,4.509325664081935,2023-02-17,1760,1.877958331569691,2023-01-03,1553,1.892853272377935,2023-01-03,1294,1.916271039216686,2023-06-28,980,1.9514589128606983,2023-08-01,634,1.9513713251674896,2023-08-03,288,1.706401679280498,2023-08-13
JD.1.1,669,0.811824238232189,2023-07-18,524,0.23660546503337468,2023-01-03,357,0.22549277667950754,2023-08-30,203,0.20602188501855237,2023-08-30,109,0.1869718118560181,2023-08-30,57,0.17122261160519442,2023-09-06,28,0.15234691870580427,2023-09-06
JF.1,282,0.3422039389857658,2023-02-20,1006,0.7361344333474802,2023-04-27,858,0.7357092062877668,2023-05-09,637,0.7228226729156569,2023-05-09,396,0.6852373374956943,2023-05-09,213,0.6326362962359346,2023-05-11,94,0.543015117150051,2023-05-11
JG.3,424,0.5145193976239882,2023-08-23,543,0.2967740862546472,2023-01-03,410,0.2894626457050233,2023-01-03,278,0.27598718327308785,2023-01-03,155,0.250334711445584,2023-08-22,70,0.2137107683187476,2023-09-05,30,0.18571301288387712,2023-09-05
JN.1,14298,17.350467800065527,2023-01-01,7614,11.778519774077365,2023-01-03,6656,11.90321287022069,2023-01-03,5623,12.164024979525438,2023-01-03,4393,12.689943822460805,2023-01-03,3216,13.72353147558691,2023-01-03,2233,15.642787123039463,2023-10-31
JN.1.11.1,148,0.17959639351026005,2024-01-09,1449,0.795623268703381,2024-02-07,1160,0.7835882887922206,2024-02-07,864,0.7560747964618333,2024-02-07,515,0.676222686747515,2024-02-14,214,0.5034185917616072,2024-03-05,60,0.2981178997210304,2024-03-13
JN.1.13,31,0.03761816350552744,2023-12-10,485,0.2737726257967588,2023-11-29,407,0.2716574635287144,2023-12-06,288,0.25986682457366966,2023-12-06,161,0.2302738706412893,2023-12-20,86,0.20051585085040127,2023-12-20,24,0.12122052827338285,2023-12-27
JN.1.13.1,573,0.6953292802795878,2023-12-20,290,0.22414184037327695,2023-11-15,209,0.2205555423857926,2023-12-25,158,0.2196848680758967,2023-12-26,116,0.2206823782397473,2023-12-26,65,0.2123556045212175,2023-12-26,32,0.1990376950661922,2024-02-14
JN.1.16,341,0.4137997985608019,2023-12-20,2423,1.3734753486531168,2023-10-29,1978,1.3579207098332844,2023-10-29,1493,1.318514026364172,2023-11-22,941,1.2041590911902718,2023-11-30,410,0.9063797821875968,2023-12-12,85,0.4221698894411326,2023-12-25
JN.1.16.1,451,0.5472836045481573,2024-02-08,1277,0.4300279309250307,2023-01-03,745,0.39127418307167133,2023-01-03,419,0.34732913554448486,2023-10-25,199,0.28907846834293227,2023-11-28,97,0.24176698391260745,2023-12-06,29,0.15418125269299846,2024-01-16
JN.1.18,467,0.5666994308735909,2023-11-03,1507,0.9262113796890594,2023-01-03,1085,0.9062833220628257,2023-01-03,804,0.8898745674718251,2023-01-03,562,0.8665794093908221,2023-01-03,314,0.7814544873817808,2023-01-03,103,0.5220653510952163,2023-12-04
JN.1.18.6,0,0.0,,576,0.2647697079264985,2023-11-30,440,0.25737576609298607,2023-11-30,301,0.2417917724826799,2023-12-26,170,0.2083587454806944,2024-01-03,67,0.1529458243279817,2024-02-14,18,0.08917137667314558,2024-03-05
JN.1.32,106,0.12862984940599706,2023-12-13,566,0.29095435722559726,2023-10-29,432,0.2842480230205892,2023-10-29,279,0.2656630605922164,2023-10-29,160,0.24112206226426705,2023-10-29,73,0.20252961876331563,2024-01-02,28,0.1636953537451128,2024-03-13
JN.1.4.3,18,0.02184280461611271,2024-01-04,437,0.1637862575279787,2023-11-27,325,0.15653443577811635,2023-11-27,199,0.13944344692131616,2023-11-30,101,0.11332404213186797,2023-12-20,31,0.06694179635098424,2023-12-20,8,0.036808471912119535,2024-02-29
JN.1.7,698,0.8470154234470373,2023-11-05,1228,1.1095890299690048,2023-01-03,1056,1.1140576037299692,2023-11-29,856,1.1186168311752944,2023-11-29,591,1.1056136031291073,2023-12-12,337,1.057538973521918,2023-12-14,150,0.9194219085460261,2024-01-17
JN.1.8.1,486,0.5897557246350431,2023-11-11,526,0.4258933836229675,2023-12-05,441,0.42577572605509495,2023-12-05,344,0.42444652322309695,2023-12-06,220,0.41227183267988327,2023-12-06,107,0.375807937915793,2023-12-27,60,0.3833960743886003,2024-01-23
KP.1.1,337,0.4089458419794435,2024-02-08,1453,0.6019329132537856,2023-12-05,969,0.5705537459903111,2024-02-08,652,0.5348903408594434,2024-02-08,331,0.4539221978915472,2024-02-08,126,0.347422711697192,2024-03-25,47,0.27151349816555875,2024-03-27
KP.1.1.3,373,0.4526314512116689,2024-04-27,1454,0.7503618533625315,2024-04-07,1195,0.7400350560486917,2024-04-07,837,0.7005650419486845,2024-04-17,468,0.6100251318616485,2024-04-17,191,0.45753103930716577,2024-04-17,52,0.27592742024598527,2024-05-29
KP.1.2,12,0.01456186974407514,2024-03-19,219,0.08538556066768639,2024-02-14,157,0.08142404917035459,2024-03-17,101,0.07420859341795469,2024-03-17,52,0.061387967889914304,2024-03-17,20,0.041440504155554,2024-03-17,3,0.015443889991298433,2024-07-09
KP.2,585,0.709891150023663,2024-01-26,2312,1.2820487028393555,2024-01-22,1722,1.2523679394531253,2024-01-22,1230,1.2089246429411922,2024-01-22,739,1.1109356014114575,2024-01-22,338,0.9251090432018755,2024-02-27,114,0.6923437850689466,2024-02-27
KP.2.15,77,0.09343866419114881,2024-05-02,766,0.170395183829412,2023-12-07,332,0.13633761935360553,2024-02-27,132,0.1064762220851876,2024-04-03,54,0.08476942131651276,2024-04-30,23,0.07086712082209497,2024-05-22,9,0.06126921137464054,2024-05-22
KP.2.3,1213,1.4719623332969287,2024-03-14,1819,1.3174084799861943,2024-03-17,1610,1.322425946712891,2024-03-18,1311,1.3157324203675895,2024-03-27,833,1.2278200564990738,2024-04-14,395,1.0213027209611771,2024-04-23,130,0.7289488145681273,2024-04-25
KP.3,1930,2.342034050505418,2024-03-13,4869,4.125730514523268,2023-12-20,4283,4.145936064422244,2023-12-20,3486,4.155403500091417,2023-12-20,2490,4.096872514835311,2024-01-04,1358,3.7144804559139843,2024-04-01,478,2.7674971738195087,2024-04-17
KP.3.1.1,4701,5.704612472241436,2024-05-20,4387,6.407784373762938,2024-02-20,4105,6.496562873879765,2024-04-10,3661,6.66034645672797,2024-04-10,3010,6.95455396903778,2024-04-10,2105,7.261497717980226,2024-05-28,1167,7.225410072399039,2024-06-12
KP.4.1,48,0.05824747897630056,2024-03-26,121,0.0627702939143544,2024-02-19,70,0.05937999726205746,2024-03-19,44,0.05671114966001314,2024-03-19,28,0.05515597285237443,2024-03-26,13,0.05162137881444774,2024-03-26,9,0.05809157662123726,2024-03-26
KQ.1,76,0.09222517504580921,2024-01-18,270,0.13822283629262758,2023-11-27,205,0.13458988888513324,2023-12-13,132,0.12607956912918886,2023-12-26,70,0.11148283094181993,2023-12-26,30,0.09321459638411243,2024-01-10,12,0.0791552400783258,2024-01-10
KS.1,243,0.29487786231752156,2024-02-25,697,0.28785536876701834,2023-11-14,432,0.2701373051969608,2023-11-14,264,0.24919120562602454,2023-12-26,138,0.22168702057753878,2024-02-12,66,0.1930820918134249,2024-02-21,29,0.16397833145872612,2024-02-21
KV.2,10,0.01213489145339595,2024-03-01,74,0.022996385452501513,2023-11-29,47,0.020967804140486865,2023-11-29,29,0.01861375865486093,2023-11-29,12,0.013672258531743578,2024-01-30,3,0.007962157057388754,2024-02-04,1,0.0064802765372280165,2024-02-28
KW.1.1,0,0.0,,35,0.02586338172262858,2024-04-18,26,0.025509073045832893,2024-04-18,19,0.025111281831961707,2024-05-07,12,0.024199166523539123,2024-05-22,6,0.022380860661255518,2024-05-22,3,0.02229890782174814,2024-05-22
LB.1,2175,2.639338891113619,2024-03-24,3131,2.9592350467172586,2023-10-23,2735,2.9765285656039255,2023-10-24,2285,3.005338113299875,2023-10-24,1763,3.046535405744273,2023-10-30,1101,2.9354782042235783,2023-11-28,426,2.1973057606917714,2023-12-07
LB.1.3.1,683,0.8288130862669434,2024-06-17,1595,1.081921391714042,2023-11-06,1267,1.0713765087665374,2023-11-12,920,1.0480831753301472,2023-12-06,583,0.9980709527228719,2024-01-11,320,0.9234463454813698,2024-07-09,144,0.7990843815322116,2024-07-09
LF.3.1,20,0.0242697829067919,2024-06-14,113,0.04863046119523877,2023-11-15,65,0.04496967543145802,2023-11-15,35,0.0411228940724766,2023-12-25,20,0.03886772868823365,2024-04-23,9,0.03569173146022935,2024-04-23,5,0.03663040622878507,2024-04-23
LF.7,308,0.37375465676459524,2024-08-24,1558,0.6597705423261825,2023-12-25,1138,0.6342376500429289,2024-09-11,714,0.579490816528875,2024-09-17,345,0.4806687269590621,2024-09-17,129,0.36711508185248787,2024-09-17,54,0.3032083037358642,2024-10-15
LF.7.2.1,87,0.10557355564454476,2024-10-11,181,0.0628434137939649,2024-10-16,114,0.05822230132493327,2024-10-16,69,0.05255223530821986,2024-10-16,30,0.04109090991075892,2024-10-16,12,0.03168849823311701,2024-10-16,4,0.022657379140314793,2024-10-16
LF.7.7.1,115,0.13955125171405341,2024-11-15,219,0.11227091446520682,2024-09-24,160,0.10878104065639223,2024-09-24,105,0.10298947560421505,2024-09-24,60,0.09449706882444431,2024-11-19,24,0.07800927439881537,2024-12-11,9,0.06933260797672147,2025-01-15
LF.7.7.2,319,0.3871030373633308,2024-12-10,604,0.32718246370478493,2024-10-01,508,0.324487841091537,2024-10-08,378,0.31264631480471694,2024-10-08,212,0.2702050726725195,2024-11-17,77,0.1940165812688528,2024-11-17,23,0.13294868628878947,2024-11-17
LF.7.9,72,0.08737121846445084,2025-02-24,476,0.24660072606254427,2024-09-29,365,0.24113229793736696,2024-09-29,234,0.22648177398670455,2024-11-13,109,0.19618065669872553,2024-12-01,55,0.18001792065121414,2025-03-18,28,0.17440535840929855,2025-03-18
LP.1,291,0.3531253412938221,2024-05-14,699,0.35314203197502,2024-02-23,562,0.34683009202866144,2024-02-23,377,0.32552733307888276,2024-03-27,183,0.2740836870065041,2024-05-07,70,0.21652279869912364,2024-05-07,31,0.19201765226350703,2024-05-07
LP.8.1,2924,3.548242260972976,2024-10-18,2755,4.5767905054847295,2024-06-11,2531,4.638458211895006,2024-08-15,2274,4.76723951580937,2024-08-15,1934,5.030669802319407,2024-10-23,1464,5.440747482882502,2024-11-10,912,5.76786493216569,2024-11-12
MC.1,481,0.5836882789083452,2024-07-22,1018,0.6822969862772358,2024-05-22,822,0.6767474045082074,2024-05-22,582,0.6581751606557005,2024-05-22,365,0.6262814300957797,2024-05-22,192,0.5748954112747584,2024-07-30,81,0.48690090967929667,2024-08-21
MC.10.1,177,0.2147875787251083,2024-08-31,694,0.37686143522445015,2024-07-10,534,0.36917797529688456,2024-07-16,339,0.34660629792280845,2024-08-06,190,0.3174711434207313,2024-08-06,92,0.281894250590804,2024-08-21,44,0.2594578743311805,2024-08-21
MC.19,78,0.09465215333648841,2024-07-18,982,0.6870056327042608,2024-06-11,860,0.6881942338477447,2024-06-11,679,0.6805292594853013,2024-06-18,451,0.6457738811771705,2024-06-18,229,0.5457910323344645,2024-06-18,70,0.34277387513423285,2024-07-14
MC.28.1,55,0.06674190299367772,2024-12-25,89,0.05101918684131331,2024-12-03,55,0.04875855276775716,2024-12-08,35,0.0470212256004118,2024-12-31,24,0.046341462195336976,2024-12-31,17,0.04707874979468943,2024-12-31,6,0.03525893800736965,2025-02-19
NB.1.8.1,329,0.39923792881672676,2025-03-25,983,1.2249564053528692,2025-03-18,880,1.2376453158307195,2025-03-18,749,1.2600862441492104,2025-03-18,596,1.304395986412004,2025-03-27,384,1.3265322270487743,2025-03-27,197,1.2835245990952384,2025-04-22
NW.1,100,0.12134891453395949,2025-01-23,270,0.1907536823112317,2025-01-14,201,0.18787156066691285,2025-02-03,137,0.18324487975808182,2025-02-03,78,0.1747980777973997,2025-02-25,46,0.17244585284492653,2025-02-27,27,0.17455908133807135,2025-02-27
PA.1,18,0.02184280461611271,2025-01-29,38,0.013379302050906455,2024-10-29,24,0.012385928550197945,2024-12-18,14,0.011106415799603317,2025-01-27,7,0.009044976026708371,2025-04-10,2,0.0064186311688626384,2025-05-06,1,0.00554902819820921,2025-05-06
XBB,1192,1.446479061244797,2023-01-01,4020,2.00018394889527,2023-01-01,3124,1.9552661813685024,2023-01-02,2092,1.8354484334829178,2023-01-02,1150,1.6120790054365866,2023-01-02,484,1.2669611469357906,2023-01-10,157,0.8795053716498057,2023-01-10
XBB.1.16,1288,1.5629740191973982,2023-01-03,1979,1.5053228543792299,2023-02-21,1686,1.5056302691475492,2023-02-21,1286,1.4866048836025931,2023-02-21,822,1.424960322312483,2023-02-21,416,1.2859716382822082,2023-02-21,188,1.1422486910132796,2023-03-21
XBB.1.16.1,578,0.7013967260062859,2023-03-13,565,0.4284805843015218,2023-04-05,444,0.42533847032233396,2023-04-10,321,0.41869598520216667,2023-04-10,201,0.40587140142718914,2023-04-11,117,0.39572959775320476,2023-04-11,58,0.37920573184255496,2023-04-11
XBB.1.16.11,415,0.5035979953159319,2023-03-30,257,0.1595812684007199,2023-03-30,206,0.15765734181294289,2023-03-30,151,0.15308081267763385,2023-03-30,98,0.14453656539233337,2023-03-30,41,0.11611181607412872,2023-06-27,15,0.08746870975438177,2023-06-27
XBB.1.16.15,112,0.13591078427803463,2023-01-03,154,0.06838890222785494,2023-05-02,101,0.06513316534256111,2023-05-22,70,0.06211326845030233,2023-05-24,32,0.053121010208980586,2023-05-24,15,0.04604628413158204,2023-06-14,6,0.04049968777560659,2023-06-14
XBB.1.16.17,34,0.04125863094154623,2023-07-08,90,0.02209454380762035,2023-05-09,54,0.01908227392241021,2023-05-09,26,0.014676749566015525,2023-05-14,9,0.008978759562511682,2023-06-20,3,0.004973935979948218,2023-06-21,0,0.0,
XBB.1.16.6,1110,1.3469729513269504,2023-02-15,777,0.2649378598983543,2023-03-29,525,0.24695965696397854,2023-03-29,297,0.21398491504898295,2023-04-18,127,0.16306276415688123,2023-05-16,47,0.11955638885360806,2023-05-25,14,0.07706035131037028,2023-06-12
XBB.1.42.2,35,0.04247212008688582,2023-03-28,65,0.01975891648674926,2023-03-27,40,0.018032161593723735,2023-04-04,20,0.015182222701120173,2023-04-04,9,0.012125836810711419,2023-06-01,4,0.00934618249725035,2023-06-19,1,0.005758891239918345,2023-07-17
XBB.1.5,14670,17.801885762131857,2023-01-01,4551,10.694713849002543,2023-01-01,4066,10.842238576563712,2023-01-01,3455,11.144117340789718,2023-01-01,2920,11.869130919932488,2023-01-01,2512,13.49425066713578,2023-01-01,2102,16.74299101998151,2023-01-02
XBB.1.5.1,303,0.36768721103789725,2023-01-02,511,0.3094155980168947,2023-01-03,374,0.30241396887472693,2023-01-03,246,0.2903776863138772,2023-01-05,155,0.277722185437195,2023-01-05,91,0.26322406474517335,2023-01-05,36,0.21246447765495557,2023-01-12
XBB.1.5.10,173,0.20993362214374992,2023-02-14,270,0.14959850645068098,2023-01-03,199,0.14602584964474524,2023-01-04,131,0.13926748388268703,2023-01-04,79,0.13091795977924145,2023-01-04,32,0.11109225916687859,2023-01-04,18,0.11414794364288457,2023-04-18
XBB.1.5.59,53,0.06431492470299853,2023-02-18,364,0.2033513397905485,2023-01-08,302,0.20118100280565399,2023-01-08,223,0.19442109903537025,2023-01-11,131,0.17452888996905525,2023-01-25,55,0.13542106515168834,2023-03-22,14,0.07810749310315979,2023-04-18
XBB.1.5.68,47,0.05703398983096096,2023-03-08,85,0.05731852451001863,2023-02-22,69,0.05683729828361125,2023-02-22,48,0.05518390885398828,2023-03-02,30,0.052570219444056446,2023-03-28,12,0.044381785378451256,2023-04-10,7,0.04673063523744769,2023-05-02
XBB.1.5.70,350,0.42472120086885823,2023-04-05,509,0.19104054251973576,2023-04-27,306,0.17635451150075668,2023-04-27,177,0.15894493885950162,2023-04-27,76,0.13436269881462828,2023-04-27,39,0.12214329664857283,2023-04-27,17,0.10629640526778196,2023-05-03
XBB.1.5.72,104,0.12620287111531786,2023-02-21,164,0.10003509254065626,2023-05-02,114,0.09737018553447704,2023-05-04,84,0.0957027630305856,2023-05-16,52,0.09153666055982353,2023-05-24,36,0.09278883733422295,2023-05-24,11,0.06255542283687503,2023-06-06
XBB.1.9.1,1050,1.2741636026065746,2023-01-03,2566,1.5120683065226308,2023-01-03,2036,1.491235950488537,2023-01-03,1459,1.4388334242226382,2023-01-03,847,1.3108679039345248,2023-02-19,385,1.101679599366199,2023-03-01,148,0.8877158421873101,2023-03-22
XBB.1.9.2,335,0.40651886368876433,2023-01-06,2175,1.06630067638364,2023-02-07,1752,1.0473284570409047,2023-02-07,1257,0.9930747188353928,2023-02-07,643,0.8260742518701154,2023-02-09,208,0.5679802802684919,2023-02-20,66,0.41694645185194745,2023-02-20
XBB.2.3,1279,1.5520526168893418,2023-02-16,1578,1.1848801195885323,2023-02-28,1305,1.1808760911532283,2023-02-28,1003,1.1683700872140816,2023-03-07,623,1.1137668183317775,2023-03-07,338,1.036742055223128,2023-03-07,150,0.9085000980628546,2023-03-22
XBB.2.3.8,18,0.02184280461611271,2023-06-05,33,0.014118871598675132,2023-05-11,25,0.013633928125166648,2023-05-18,17,0.012514438270777086,2023-05-18,8,0.010029512418432595,2023-06-13,4,0.007787885083864659,2023-06-13,1,0.003519133245497739,2023-07-18
XDP,95,0.11528146880726152,2023-12-09,325,0.1385914362323599,2023-10-31,228,0.13232806284788962,2023-10-31,130,0.11938133579560688,2023-10-31,68,0.10435772712609186,2023-12-06,30,0.08693414314382279,2023-12-06,11,0.07245166856912227,2024-01-24
XDV.1,54,0.06552841384833813,2024-04-24,758,0.3434781221350507,2023-11-14,593,0.33470105131974787,2023-12-21,374,0.30669383402440537,2023-12-21,193,0.260214894805815,2024-03-28,83,0.20549566808866157,2024-03-28,18,0.11454419571001398,2024-03-28
XEC,2577,3.127161527540136,2024-08-06,3124,5.117636520731935,2024-04-23,2933,5.1913674480709515,2024-05-23,2668,5.339439752118244,2024-06-23,2313,5.6440388788713,2024-08-14,1761,6.067005502619347,2024-08-14,1036,6.137824600060634,2024-08-14
XEC.4,428,0.5193733542053466,2024-11-01,1443,1.1671356248912625,2024-08-22,1256,1.1710533191965167,2024-08-27,1002,1.167101308500967,2024-08-27,699,1.1418449931244914,2024-08-27,356,1.015825249084499,2024-10-27,137,0.8041355165847445,2024-11-12
XEK,82,0.09950610991784678,2024-09-20,278,0.13240077088625934,2024-06-25,203,0.1281882036368203,2024-08-28,130,0.11957106119358563,2024-08-28,69,0.10524508937030157,2024-10-09,29,0.08695811822976149,2024-10-09,11,0.06714698397358944,2024-11-12
XEQ,24,0.02912373948815028,2024-12-03,75,0.030333950945319786,2024-08-11,54,0.029120620223891537,2024-08-11,30,0.025877797607652357,2024-11-14,18,0.02308276691593733,2024-12-03,8,0.01823580848396954,2024-12-03,1,0.009176357960839718,2024-12-03
XFC,103,0.12498938196997827,2025-03-20,674,0.3895041700472394,2024-10-23,556,0.38560257480238885,2024-10-23,377,0.3665434643135253,2024-10-23,217,0.33321420306942334,2024-10-23,98,0.28129744661612754,2025-03-16,38,0.22486728971360864,2025-04-01
XFG,2285,2.7728226971009744,2025-02-11,2531,9.35991489335885,2024-09-24,2453,9.520168557293589,2024-11-17,2374,9.870702384123971,2025-01-05,2262,10.66008374314892,2025-02-27,2115,12.321413144694851,2025-02-27,1897,15.676084240070017,2025-03-03
