lineage,ww_cutoff,delta_days
HK.3,0.01,211
EG.5,0.01,0
CH.1.1,0.01,-2
JN.1.13.1,0.01,35
FL.1.5.1,0.01,-121
XBB.1.5.68,0.01,14
FD.2,0.01,3
LB.1.3.1,0.01,224
BA.2.75,0.01,0
LP.1,0.01,81
KP.3.1.1,0.01,90
EG.5.1.8,0.01,31
BA.5.2.6,0.01,0
JN.1.4.3,0.01,38
KP.4.1,0.01,36
KP.1.1.3,0.01,20
BA.2.12.1,0.01,179
B.1.1.529,0.01,13
LF.3.1,0.01,212
KP.1.1,0.01,65
XBB.1.5.59,0.01,41
BN.1,0.01,-1
FE.1.1,0.01,-21
KP.2.15,0.01,147
XBB.1.5.70,0.01,-22
HF.1,0.01,-10
XBB.1.5,0.01,0
BQ.1.1,0.01,0
JN.1.8.1,0.01,-24
XBB.1.16.11,0.01,0
LB.1,0.01,153
XEC.4,0.01,71
XBB.1.5.72,0.01,-70
XBB,0.01,0
FD.1.1,0.01,-6
KP.3,0.01,84
NB.1.8.1,0.01,7
XBB.2.3,0.01,-12
XBB.2.3.8,0.01,25
NW.1,0.01,9
XFC,0.01,148
XEK,0.01,87
JN.1.16,0.01,52
XBB.1.42.2,0.01,1
MC.10.1,0.01,52
JN.1.11.1,0.01,-29
LF.7.9,0.01,148
HV.1,0.01,45
KP.2,0.01,4
EU.1.1,0.01,-4
EG.6.1,0.01,119
BA.4,0.01,66
XBB.1.16,0.01,-49
XEC,0.01,105
GE.1,0.01,-13
BA.2,0.01,2
XDV.1,0.01,162
JF.1,0.01,-66
XFG,0.01,140
BA.4.6,0.01,2
XDP,0.01,39
KV.2,0.01,93
XEQ,0.01,114
BA.2.75.2,0.01,9
JN.1.7,0.01,306
XBB.1.5.10,0.01,42
LP.8.1,0.01,129
PA.1,0.01,92
BA.2.86,0.01,229
JN.1.32,0.01,45
MC.28.1,0.01,22
JN.1.18,0.01,304
LF.7.7.1,0.01,52
LF.7.2.1,0.01,-5
XBB.1.9.1,0.01,0
BF.7,0.01,-2
LF.7,0.01,243
KP.2.3,0.01,-3
XBB.1.16.1,0.01,-23
JD.1.1,0.01,196
BF.11,0.01,-2
XBB.1.16.15,0.01,-119
KS.1,0.01,103
GK.1.1,0.01,73
MC.1,0.01,61
JN.1.16.1,0.01,401
XBB.1.9.2,0.01,-32
JG.3,0.01,232
GK.2,0.01,-98
KQ.1,0.01,52
XBB.1.5.1,0.01,-1
KP.1.2,0.01,34
XBB.1.16.6,0.01,-42
XBB.1.16.17,0.01,60
JN.1.13,0.01,11
MC.19,0.01,37
BQ.1,0.01,-1
BA.5,0.01,-1
LF.7.7.2,0.01,70
JN.1,0.01,-2
HK.3,0.02,-6
EG.5,0.02,0
CH.1.1,0.02,-9
JN.1.13.1,0.02,-5
FL.1.5.1,0.02,-121
XBB.1.5.68,0.02,14
FD.2,0.02,3
LB.1.3.1,0.02,218
BA.2.75,0.02,-2
LP.1,0.02,81
KP.3.1.1,0.02,40
EG.5.1.8,0.02,16
BA.5.2.6,0.02,0
JN.1.4.3,0.02,38
KP.4.1,0.02,7
KP.1.1.3,0.02,20
BA.2.12.1,0.02,179
B.1.1.529,0.02,-11
LF.3.1,0.02,212
KP.1.1,0.02,0
XBB.1.5.59,0.02,41
BN.1,0.02,-2
FE.1.1,0.02,-30
KP.2.15,0.02,65
XBB.1.5.70,0.02,-22
HF.1,0.02,-10
XBB.1.5,0.02,0
BQ.1.1,0.02,0
JN.1.8.1,0.02,-24
XBB.1.16.11,0.02,0
LB.1,0.02,152
XEC.4,0.02,66
XBB.1.5.72,0.02,-72
XBB,0.02,-1
FD.1.1,0.02,-6
KP.3,0.02,84
NB.1.8.1,0.02,7
XBB.2.3,0.02,-12
XBB.2.3.8,0.02,18
NW.1,0.02,-11
XFC,0.02,148
XEK,0.02,23
JN.1.16,0.02,52
XBB.1.42.2,0.02,-7
MC.10.1,0.02,46
JN.1.11.1,0.02,-29
LF.7.9,0.02,148
HV.1,0.02,45
KP.2,0.02,4
EU.1.1,0.02,-4
EG.6.1,0.02,119
BA.4,0.02,64
XBB.1.16,0.02,-49
XEC,0.02,75
GE.1,0.02,-13
BA.2,0.02,2
XDV.1,0.02,125
JF.1,0.02,-78
XFG,0.02,86
BA.4.6,0.02,1
XDP,0.02,39
KV.2,0.02,93
XEQ,0.02,114
BA.2.75.2,0.02,4
JN.1.7,0.02,-24
XBB.1.5.10,0.02,41
LP.8.1,0.02,64
PA.1,0.02,42
BA.2.86,0.02,229
JN.1.32,0.02,45
MC.28.1,0.02,17
JN.1.18,0.02,304
LF.7.7.1,0.02,52
LF.7.2.1,0.02,-5
XBB.1.9.1,0.02,0
BF.7,0.02,-2
LF.7,0.02,-18
KP.2.3,0.02,-4
XBB.1.16.1,0.02,-28
JD.1.1,0.02,-43
BF.11,0.02,-9
XBB.1.16.15,0.02,-139
KS.1,0.02,103
GK.1.1,0.02,73
MC.1,0.02,61
JN.1.16.1,0.02,401
XBB.1.9.2,0.02,-32
JG.3,0.02,232
GK.2,0.02,-98
KQ.1,0.02,36
XBB.1.5.1,0.02,-1
KP.1.2,0.02,2
XBB.1.16.6,0.02,-42
XBB.1.16.17,0.02,60
JN.1.13,0.02,4
MC.19,0.02,37
BQ.1,0.02,-1
BA.5,0.02,-1
LF.7.7.2,0.02,63
JN.1,0.02,-2
HK.3,0.04,-6
EG.5,0.04,0
CH.1.1,0.04,-18
JN.1.13.1,0.04,-6
FL.1.5.1,0.04,-131
XBB.1.5.68,0.04,6
FD.2,0.04,-7
LB.1.3.1,0.04,194
BA.2.75,0.04,-6
LP.1,0.04,48
KP.3.1.1,0.04,40
EG.5.1.8,0.04,-13
BA.5.2.6,0.04,0
JN.1.4.3,0.04,35
KP.4.1,0.04,7
KP.1.1.3,0.04,10
BA.2.12.1,0.04,179
B.1.1.529,0.04,-11
LF.3.1,0.04,172
KP.1.1,0.04,0
XBB.1.5.59,0.04,38
BN.1,0.04,-3
FE.1.1,0.04,-30
KP.2.15,0.04,29
XBB.1.5.70,0.04,-22
HF.1,0.04,-10
XBB.1.5,0.04,0
BQ.1.1,0.04,0
JN.1.8.1,0.04,-25
XBB.1.16.11,0.04,0
LB.1,0.04,152
XEC.4,0.04,66
XBB.1.5.72,0.04,-84
XBB,0.04,-1
FD.1.1,0.04,-6
KP.3,0.04,84
NB.1.8.1,0.04,7
XBB.2.3,0.04,-19
XBB.2.3.8,0.04,18
NW.1,0.04,-11
XFC,0.04,148
XEK,0.04,23
JN.1.16,0.04,28
XBB.1.42.2,0.04,-7
MC.10.1,0.04,25
JN.1.11.1,0.04,-29
LF.7.9,0.04,103
HV.1,0.04,-131
KP.2,0.04,4
EU.1.1,0.04,-4
EG.6.1,0.04,-2
BA.4,0.04,52
XBB.1.16,0.04,-49
XEC,0.04,44
GE.1,0.04,-48
BA.2,0.04,2
XDV.1,0.04,125
JF.1,0.04,-78
XFG,0.04,37
BA.4.6,0.04,-15
XDP,0.04,39
KV.2,0.04,93
XEQ,0.04,19
BA.2.75.2,0.04,1
JN.1.7,0.04,-24
XBB.1.5.10,0.04,41
LP.8.1,0.04,64
PA.1,0.04,2
BA.2.86,0.04,-2
JN.1.32,0.04,45
MC.28.1,0.04,-6
JN.1.18,0.04,304
LF.7.7.1,0.04,52
LF.7.2.1,0.04,-5
XBB.1.9.1,0.04,0
BF.7,0.04,-2
LF.7,0.04,-24
KP.2.3,0.04,-13
XBB.1.16.1,0.04,-28
JD.1.1,0.04,-43
BF.11,0.04,-16
XBB.1.16.15,0.04,-141
KS.1,0.04,61
GK.1.1,0.04,73
MC.1,0.04,61
JN.1.16.1,0.04,106
XBB.1.9.2,0.04,-32
JG.3,0.04,232
GK.2,0.04,-98
KQ.1,0.04,23
XBB.1.5.1,0.04,-3
KP.1.2,0.04,2
XBB.1.16.6,0.04,-62
XBB.1.16.17,0.04,55
JN.1.13,0.04,4
MC.19,0.04,30
BQ.1,0.04,-1
BA.5,0.04,-1
LF.7.7.2,0.04,63
JN.1,0.04,-2
HK.3,0.08,-6
EG.5,0.08,0
CH.1.1,0.08,-18
JN.1.13.1,0.08,-6
FL.1.5.1,0.08,-131
XBB.1.5.68,0.08,-20
FD.2,0.08,-7
LB.1.3.1,0.08,158
BA.2.75,0.08,-43
LP.1,0.08,7
KP.3.1.1,0.08,40
EG.5.1.8,0.08,-27
BA.5.2.6,0.08,-23
JN.1.4.3,0.08,15
KP.4.1,0.08,0
KP.1.1.3,0.08,10
BA.2.12.1,0.08,179
B.1.1.529,0.08,-11
LF.3.1,0.08,52
KP.1.1,0.08,0
XBB.1.5.59,0.08,24
BN.1,0.08,-4
FE.1.1,0.08,-30
KP.2.15,0.08,2
XBB.1.5.70,0.08,-22
HF.1,0.08,-10
XBB.1.5,0.08,0
BQ.1.1,0.08,0
JN.1.8.1,0.08,-25
XBB.1.16.11,0.08,0
LB.1,0.08,146
XEC.4,0.08,66
XBB.1.5.72,0.08,-92
XBB,0.08,-1
FD.1.1,0.08,-27
KP.3,0.08,69
NB.1.8.1,0.08,-2
XBB.2.3,0.08,-19
XBB.2.3.8,0.08,-8
NW.1,0.08,-33
XFC,0.08,148
XEK,0.08,-19
JN.1.16,0.08,20
XBB.1.42.2,0.08,-65
MC.10.1,0.08,25
JN.1.11.1,0.08,-36
LF.7.9,0.08,85
HV.1,0.08,-165
KP.2,0.08,4
EU.1.1,0.08,-4
EG.6.1,0.08,-7
BA.4,0.08,33
XBB.1.16,0.08,-49
XEC,0.08,-8
GE.1,0.08,-48
BA.2,0.08,-4
XDV.1,0.08,27
JF.1,0.08,-78
XFG,0.08,-16
BA.4.6,0.08,-111
XDP,0.08,3
KV.2,0.08,31
XEQ,0.08,0
BA.2.75.2,0.08,1
JN.1.7,0.08,-37
XBB.1.5.10,0.08,41
LP.8.1,0.08,-5
PA.1,0.08,-71
BA.2.86,0.08,-4
JN.1.32,0.08,45
MC.28.1,0.08,-6
JN.1.18,0.08,304
LF.7.7.1,0.08,-4
LF.7.2.1,0.08,-5
XBB.1.9.1,0.08,-47
BF.7,0.08,-2
LF.7,0.08,-24
KP.2.3,0.08,-31
XBB.1.16.1,0.08,-29
JD.1.1,0.08,-43
BF.11,0.08,-16
XBB.1.16.15,0.08,-141
KS.1,0.08,13
GK.1.1,0.08,-19
MC.1,0.08,61
JN.1.16.1,0.08,72
XBB.1.9.2,0.08,-34
JG.3,0.08,1
GK.2,0.08,-98
KQ.1,0.08,23
XBB.1.5.1,0.08,-3
KP.1.2,0.08,2
XBB.1.16.6,0.08,-90
XBB.1.16.17,0.08,18
JN.1.13,0.08,-10
MC.19,0.08,30
BQ.1,0.08,-1
BA.5,0.08,-2
LF.7.7.2,0.08,23
JN.1,0.08,-2
HK.3,0.16,-20
EG.5,0.16,0
CH.1.1,0.16,-18
JN.1.13.1,0.16,-6
FL.1.5.1,0.16,-149
XBB.1.5.68,0.16,-33
FD.2,0.16,-7
LB.1.3.1,0.16,-22
BA.2.75,0.16,-112
LP.1,0.16,7
KP.3.1.1,0.16,-8
EG.5.1.8,0.16,-39
BA.5.2.6,0.16,-132
JN.1.4.3,0.16,15
KP.4.1,0.16,0
KP.1.1.3,0.16,10
BA.2.12.1,0.16,179
B.1.1.529,0.16,-114
LF.3.1,0.16,52
KP.1.1,0.16,-46
XBB.1.5.59,0.16,-32
BN.1,0.16,-4
FE.1.1,0.16,-35
KP.2.15,0.16,-20
XBB.1.5.70,0.16,-22
HF.1,0.16,-10
XBB.1.5,0.16,0
BQ.1.1,0.16,0
JN.1.8.1,0.16,-46
XBB.1.16.11,0.16,-89
LB.1,0.16,117
XEC.4,0.16,5
XBB.1.5.72,0.16,-92
XBB,0.16,-9
FD.1.1,0.16,-27
KP.3,0.16,-19
NB.1.8.1,0.16,-2
XBB.2.3,0.16,-19
XBB.2.3.8,0.16,-8
NW.1,0.16,-35
XFC,0.16,4
XEK,0.16,-19
JN.1.16,0.16,8
XBB.1.42.2,0.16,-83
MC.10.1,0.16,10
JN.1.11.1,0.16,-56
LF.7.9,0.16,-22
HV.1,0.16,-167
KP.2,0.16,-32
EU.1.1,0.16,-4
EG.6.1,0.16,-21
BA.4,0.16,33
XBB.1.16,0.16,-49
XEC,0.16,-8
GE.1,0.16,-55
BA.2,0.16,-12
XDV.1,0.16,27
JF.1,0.16,-80
XFG,0.16,-16
BA.4.6,0.16,-111
XDP,0.16,3
KV.2,0.16,26
XEQ,0.16,0
BA.2.75.2,0.16,1
JN.1.7,0.16,-39
XBB.1.5.10,0.16,41
LP.8.1,0.16,-23
PA.1,0.16,-97
BA.2.86,0.16,-4
JN.1.32,0.16,-20
MC.28.1,0.16,-6
JN.1.18,0.16,304
LF.7.7.1,0.16,-26
LF.7.2.1,0.16,-5
XBB.1.9.1,0.16,-57
BF.7,0.16,-2
LF.7,0.16,-24
KP.2.3,0.16,-40
XBB.1.16.1,0.16,-29
JD.1.1,0.16,-50
BF.11,0.16,-29
XBB.1.16.15,0.16,-162
KS.1,0.16,4
GK.1.1,0.16,-39
MC.1,0.16,-8
JN.1.16.1,0.16,64
XBB.1.9.2,0.16,-45
JG.3,0.16,-13
GK.2,0.16,-119
KQ.1,0.16,8
XBB.1.5.1,0.16,-3
KP.1.2,0.16,2
XBB.1.16.6,0.16,-99
XBB.1.16.17,0.16,17
JN.1.13,0.16,-10
MC.19,0.16,30
BQ.1,0.16,-2
BA.5,0.16,-2
LF.7.7.2,0.16,23
JN.1,0.16,-2
HK.3,0.32,-20
EG.5,0.32,-107
CH.1.1,0.32,-60
JN.1.13.1,0.32,-56
FL.1.5.1,0.32,-149
XBB.1.5.68,0.32,-55
FD.2,0.32,-68
LB.1.3.1,0.32,-22
BA.2.75,0.32,-112
LP.1,0.32,7
KP.3.1.1,0.32,-23
EG.5.1.8,0.32,-78
JN.1.4.3,0.32,-56
KP.4.1,0.32,0
KP.1.1.3,0.32,-32
BA.2.12.1,0.32,179
LF.3.1,0.32,52
KP.1.1,0.32,-48
XBB.1.5.59,0.32,-59
BN.1,0.32,-16
FE.1.1,0.32,-59
KP.2.15,0.32,-20
XBB.1.5.70,0.32,-28
HF.1,0.32,-10
XBB.1.5,0.32,-1
BQ.1.1,0.32,0
JN.1.8.1,0.32,-73
XBB.1.16.11,0.32,-89
LB.1,0.32,108
XEC.4,0.32,-11
XBB.1.5.72,0.32,-105
XBB,0.32,-9
FD.1.1,0.32,-27
KP.3,0.32,-35
NB.1.8.1,0.32,-28
XBB.2.3,0.32,-34
XBB.2.3.8,0.32,-43
NW.1,0.32,-35
XFC,0.32,-12
XEK,0.32,-53
JN.1.16,0.32,-5
XBB.1.42.2,0.32,-111
MC.10.1,0.32,10
JN.1.11.1,0.32,-64
LF.7.9,0.32,-22
HV.1,0.32,-177
KP.2,0.32,-32
EU.1.1,0.32,-4
EG.6.1,0.32,-44
BA.4,0.32,33
XBB.1.16,0.32,-77
XEC,0.32,-8
GE.1,0.32,-55
BA.2,0.32,-40
XDV.1,0.32,27
JF.1,0.32,-80
XFG,0.32,-20
BA.4.6,0.32,-154
XDP,0.32,-46
KV.2,0.32,2
XEQ,0.32,0
BA.2.75.2,0.32,1
JN.1.7,0.32,-73
XBB.1.5.10,0.32,-63
LP.8.1,0.32,-25
PA.1,0.32,-97
BA.2.86,0.32,-72
JN.1.32,0.32,-91
MC.28.1,0.32,-56
JN.1.18,0.32,-31
LF.7.7.1,0.32,-61
LF.7.2.1,0.32,-5
XBB.1.9.1,0.32,-78
BF.7,0.32,-2
LF.7,0.32,-52
KP.2.3,0.32,-42
XBB.1.16.1,0.32,-29
JD.1.1,0.32,-50
BF.11,0.32,-29
XBB.1.16.15,0.32,-162
KS.1,0.32,4
GK.1.1,0.32,-40
MC.1,0.32,-30
JN.1.16.1,0.32,23
XBB.1.9.2,0.32,-45
JG.3,0.32,-13
GK.2,0.32,-168
KQ.1,0.32,8
XBB.1.5.1,0.32,-10
KP.1.2,0.32,-112
XBB.1.16.6,0.32,-117
JN.1.13,0.32,-17
MC.19,0.32,4
BQ.1,0.32,-2
BA.5,0.32,-2
LF.7.7.2,0.32,23
JN.1,0.32,-303
